"SCI_NAME","COMM","CODE"
"ACANELLA ARBUSCULA",NA,8329
"ACANTHOCARPUS ALEXANDRI",NA,2530
"ACANTHOGORGIA ARMATA",NA,8326
"ACIPENSER OXYRINCHUS","AMERICAN ATLANT STURGEON; OXYRHYNCHUS",243
"ACTINIARIA","SEA ANEMONE; WAS ANTHOZOA",8300
"ACTINIIDAE",NA,8209
"ACTINOSTOLA",NA,8216
"AEGA PSORA",NA,2981
"AGARUM CLATHRATUM","SEA COLANDER/ HOLEY KELP; CRIBROSUM",9325
"AGONIDAE","ALLIGATOR FISH",351
"AGRIOPOMA MORRHUANUM","MORRHUA VENUSNA; PITAR MORRHUANA",4314
"ALARIA ESCULENTA","SEA WHIP KELP",9323
"ALCYONIUM DIGITATUM","DEAD MANS FINGERS",8336
"ALOSA AESTIVALIS","BLUEBACK HERRING",165
"ALOSA PSEUDOHARENGUS","ALEWIFE",62
"ALOSA SAPIDISSIMA","SHAD AMERICAN",61
"AMAUROPSIS ISLANDICA",NA,4260
"AMBLYRAJA RADIATA","THORNY SKATE",201
"AMMODYTES DUBIUS","NORTHERN SAND LANCE",610
"AMMODYTES","SAND LANCE",611
"AMMODYTIDAE","SAND LANCES",590
"AMPHIPODA",NA,2800
"ANARHICHAS DENTICULATUS","NORTHERN WOLFFISH",52
"ANARHICHAS LUPUS","STRIPED ATLANTIC WOLFFISH",50
"ANARHICHAS MINOR","SPOTTED WOLFFISH",51
"ANGUILLIFORMES","UNIDENTIFIED EELS; ANGUILLOIDEI",634
"ANISARCHUS MEDIUS","STOUT EELBLENNY; LUMPENUS",632
"ANNELIDA","SEGMENTED WORMS",3000
"ANOMIA SIMPLEX",NA,4380
"ANOMIA",NA,4381
"ANOMIIDAE",NA,4328
"ANONYX SARSI",NA,2844
"ANONYX",NA,2833
"ANOPLOGASTER CORNUTA","OGREFISH",774
"ANOTOPTERUS PHARAO","DAGGERTOOTH",732
"ANTHIAS NICHOLSI","YELLOWFIN BASS",498
"ANTHOMASTUS GRANDIFLORUS",NA,8328
"ANTHOPTILUM GRANDIFLORUM",NA,8361
"ANTHOZOA",NA,8332
"ANTIGONIA CAPROS","DEEPBODY BOARFISH",384
"ANTIMORA ROSTRATA","BLUE ANTIMORA/HAKE",113
"ANTIPATHARIA","BLACK CORALS THORNY CORALS; ANTIPATHARIAN",8337
"APHRODITA HASTATA","SEA MOUSE",3200
"APHRODITA",NA,3212
"APHRODITIDAE",NA,3210
"APORRHAIS","DUCK OR PELICAN FOOT",4230
"ARBACIA PUNCTULATA","PURPLE-SPINED SEA URCHIN",6421
"ARCHAEOGASTROPODA","LIMPET",5200
"ARCOSCALPELLUM MICHELOTTIANUM",NA,2056
"ARCTICA ISLANDICA","OCEAN QUAHAUG",4304
"ARCTOZENUS RISSO","WHITE BARRACUDINA; NOTOLEPIS RISSOI",712
"ARENICOLA MARINA","LUGWORM",3161
"ARGENTINA SILUS","ARGENTINE ATLANTIC",160
"ARGENTINA STRIATA","STRIATED ARGENTINE",161
"ARGIS DENTATA",NA,2411
"ARGYROPELECUS ACULEATUS","HATCHETFISH, ATLANTIC SILVER",700
"ARGYROPELECUS GIGAS",NA,705
"ARIOMMA BONDI","SILVER-RAG",785
"ARISTAEOPSIS EDWARDSIANA","ARISTAEPSIS EDWARDSINANA",1281
"ARRHIS PHYLLONYX","AMPHIPODS; PHYLLONIX",2803
"ARTEDIELLUS ATLANTICUS","HOOKEAR SCULPIN,ATL.",880
"ARTEDIELLUS UNCINATUS","SNOWFLAKE HOOKEAR SCULPIN",306
"ARTEDIELLUS","HOOKEAR SCULPIN",323
"ASCIDIA","SEA SQUIRTS",1821
"ASCIDIACEA",NA,1811
"ASCOPHYLLUM NODOSUM","KNOTTED WRACK",9331
"ASPIDOPHOROIDES MONOPTERYGIUS","ALLIGATORFISH",340
"ASPIDOPHOROIDES OLRIKII","ARCTIC ALLIGATORFISH; OLRIKI",341
"ASTARTE UNDATA",NA,4307
"ASTARTE",NA,4316
"ASTERIAS FORBESI",NA,6109
"ASTERIAS RUBENS",NA,6111
"ASTERIAS",NA,6110
"ASTERIIDAE",NA,6105
"ASTEROIDEA",NA,6100
"ASTROPECTEN AMERICANUS",NA,6136
"ASTROPECTEN DUPLICATUS","ASTROTECTEN",6135
"ATLANTOPANDALUS PROPINQVUS",NA,2213
"ATOLLA WYVILLEI",NA,8506
"AURELIA AURITA","MOON JELLY",8010
"AXIIDAE",NA,2540
"AXIUS SERRATUS",NA,2541
"BALANIDAE",NA,2995
"BALTICINA","HALIPTERUS ",8363
"BATHYNECTES LONGISPINA",NA,2506
"BATHYNECTES MARAVIGNA","PORTUNID CRABS",6006
"BATHYPOLYPUS",NA,4508
"BATHYRAJA SPINICAUDA","SPINYTAIL SKATE",205
"BATHYRAJA",NA,1007
"BENTHODESMUS SIMONYI","SIMONYI'S FROSTFISH",714
"BENTHOSEMA GLACIALE","GLACIER LANTERNFISH",157
"BENTHOSEMA",NA,286
"BERINGIUS TURTONI",NA,4213
"BERYX DECADACTYLUS","ALFONSIN A CASTA LARGA",775
"BIVALVIA","INCL PROTOBRANCHIA, HETERODONTA",4300
"BLENNIIFORMES","BLENNIES,SHANNIES,GUNNELS; BLENNIOIDEI",644
"BOLOCERA",NA,8317
"BOLTENIA OVIFERA",NA,1812
"BOLTENIA","SEA POTATO",1823
"BOREOGADUS SAIDA","ARCTIC COD",110
"BOTHIDAE","LEFTEYE FLOUNDER",196
"BRACHIOPODA","LAMPSHELLS",1930
"BRACHYURA","BRACHIURAN CRABS; INCL CRAB",2510
"BREVOORTIA TYRANNUS","MENHADEN ATLANTIC",164
"BRISASTER FRAGILIS","HEART URCHIN",6413
"BROSME BROSME","CUSK",15
"BRYOZOA","BRYOZOANS",1900
"BUCCINIDAE",NA,4209
"BUCCINUM SCALARIFORME","SILKY BUCCINUM",4212
"BUCCINUM UNDATUM","WAVE WHELK,COMMON EDIBLE",4211
"BUCCINUM","WHELKS",4210
"CALAPPA",NA,2529
"CALATHURA BRACHIATA","ISOPOD; BRANCHIATA",2999
"CALLIONYMIDAE","DRAGONETS",635
"CALLIOSTOMA OCCIDENTALE",NA,4259
"CANCER BOREALIS","JONAH CRAB",2511
"CANCER IRRORATUS","ATLANTIC ROCK CRAB",2513
"CANCER",NA,2524
"CARDIIDAE","COCKLES",4340
"CAREPROCTUS LONGIPINNIS","LONGFIN SEASNAIL",507
"CAREPROCTUS RANULA","SCOTIAN SNAILFISH",924
"CAREPROCTUS REINHARDTI","SEA TADPOLE",520
"CAREPROCTUS","SEA TADPOLE",515
"CENTROSCYLLIUM FABRICII","BLACK DOGFISH",221
"CEPHALOPODA",NA,4500
"CERAMASTER GRANULARIS","CEREMASTER",6101
"CERATOSCOPELUS MADERENSIS","LANTERNFISH,HORNED",163
"CERATOSCOPELUS",NA,293
"CHACEON QUINQUEDENS","RED DEEPSEA CRAB",2532
"CHAULIODUS SLOANI","VIPERFISH",169
"CHAUNAX","GAPPER",530
"CHIONOECETES OPILIO","SNOW CRAB  QUEEN; INCL CHIONOECETES SP",2526
"CHIRIDOTA LAEVIS",NA,6719
"CHIRONA HAMERI",NA,2062
"CHLAMYS ISLANDICA","ICELAND SCALLOP",4322
"CHLOROPHTHALMIDAE","GREENEYES",593
"CHLOROPHTHALMUS AGASSIZI","SHORT-NOSE GREENEYE",156
"CHONE",NA,3221
"CHRYSOGORGIA AGASSIZII",NA,8338
"CILIATOCARDIUM CILIATUM","ICELAND COCKLE; CLINOCARDIUM",4342
"CIRRIPEDIA","BARNACLES",2990
"CIRROTEUTHIS",NA,4509
"CITHARICHTHYS ARCTIFRONS","GULF STREAM FLOUNDER",44
"CLAVULARIA",NA,8339
"CLUPEA HARENGUS","HERRING ATLANTIC",60
"CLYPEASTEROIDA","SAND DOLLARS",6500
"CNIDARIA","COELENTERATA",8200
"COELORINCHUS CAELORHINCUS","LONGNOSE GRENADIER; CAELORINCHUS",413
"COLUS","SPINDLE SHELL",4228
"CONGER OCEANICUS","CONGER EEL",608
"CORYPHAENOIDES RUPESTRIS","ROUNDNOSE GRENADIER",414
"COTTIDAE","SCULPINS; INCL COTTIDAE UNID",312
"COTTUNCULUS MICROPS","POLAR SCULPIN",307
"COTTUNCULUS THOMSONII","PALLID SCULPIN; THOMPSONI",308
"CRANGON SEPTEMSPINOSA",NA,2417
"CRANGON",NA,2416
"CRANGONIDAE",NA,2400
"CRINOIDEA","SEA LILIES",6900
"CROSSASTER PAPPOSUS","SPINY SUNSTAR",6123
"CRUSTACEA",NA,2000
"CRYPTACANTHODES MACULATUS","WRYMOUTH",630
"CTENODISCUS CRISPATUS","MUD STAR",6115
"CTENOPHORA","COMB JELLIES",8100
"CUBICEPS PAUCIRADIATUS",NA,820
"CUCUMARIA FRONDOSA","SEA CUCUMBER  COMMON",6611
"CUCUMARIIDAE",NA,6610
"CULCITOPSIS BOREALIS","PORANIOMORPHA",6130
"CYANEA CAPILLATA","PINK JELLYFISH",8511
"CYCLOPTERUS LUMPUS","LUMPFISH",501
"CYCLOTHONE","ANGLEMOUTH",755
"CYLICHNIDAE","CANOE SHELLS",4430
"CYRTODARIA SILIQUA","BANK CLAM",4312
"CYTTOPSIS ROSEA","RED DORY",595
"DECAPODA","SHRIMPS",2100
"DECAPODIFORMES","SQUID; INCL TEUTHOIDEA O.; LOLIGINIDAE,OMMASTREPHIDAE",4514
"DENDRONOTUS","BUSHY BACKSLUG",4410
"DESMARESTIA ACULEATA","SOUR WEED",9308
"DESMOPHYLLUM PERTUSUM","SPIDER HAZARDS CORAL; LOPHELIA PERTUSA",8331
"DIAPHUS DUMERILII",NA,152
"DIBRANCHUS ATLANTICUS","ATLANTIC BATFISH",742
"DICHELOPANDALUS LEPTOCERUS",NA,2214
"DICHELOPANDALUS",NA,2215
"DIPLOPTERASTER MULTIPES",NA,6131
"DIPTURUS LAEVIS","BARNDOOR SKATE",200
"DORYTEUTHIS PEALEII","LONGFIN SQUID, LONGFIN INSHORE SQUID; LOLIGO",4512
"DRIFA GLOMERATA",NA,8388
"DUVA FLORIDA",NA,8389
"DYSPANOPEUS SAYI","SAY MUD CRAB",2517
"ECHINARACHNIUS PARMA",NA,6511
"ECHINODERMATA","SPINY SKINNED ANIMALS",6000
"ECHINOIDEA","SAND DOLLARS,URCHINS",6397
"ENCHELYOPUS CIMBRIUS","FOURBEARD ROCKLING",114
"EPIGONUS DENTICULATUS",NA,677
"EPIGONUS PANDIONIS",NA,587
"EPIGONUS",NA,878
"EPIMERIA (EPIMERIA) LORICATA",NA,2795
"EPIZOANTHIDAE",NA,8381
"EPIZOANTHUS PAGURIPHILUS",NA,8383
"EPIZOANTHUS PAPILLOSUS","INCRUSTATUS",8321
"EPIZOANTHUS",NA,8382
"ETMOPTERUS PRINCEPS","ROUGH SAGRE",224
"ETROPUS MICROSTOMUS","SMALLMOUTH FLOUNDER",386
"EUALUS FABRICII","INCL SPIRONTOCARIS FABRICII",2332
"EUALUS GAIMARDII",NA,2333
"EUALUS MACILENTUS",NA,2331
"EUMESOGRAMMUS PRAECISUS","4-LINE SNAKE BLENNY",626
"EUMICROTREMUS SPINOSUS","ATLANTIC SPINY LUMPSUCKER",502
"EUNICIDAE",NA,3085
"EUPHAUSIA",NA,2612
"EUPHAUSIACEA","KRILL SHRIMP",2600
"EUPHAUSIIDAE",NA,2610
"EURYALIDA","BASKET STARS; GORGONOCEPHALIDAE,ASTERONYCHIDAE",6300
"EUSERGESTES ARCTICUS","SERGESTES",2223
"EUSPIRA HEROS","NORTHERN MOONSNAIL",4221
"FLABELLUM (ULOCYATHUS) ALABASTRUM",NA,8362
"FLABELLUM","CUP CORAL",8335
"FLUSTRA FOLIACEA","LEMONWEED",1901
"FOETOREPUS AGASSIZII","SPOTFIN DRAGONET; AGASSIZI",637
"FUCUS DISTICHUS","ROCK WEED",9328
"FUCUS SERRATUS","TOOTHED WRACK",9330
"FUCUS VESICULOSUS","BLADDER WRACK",9327
"FUCUS","BROWN ROCKWEED",9301
"FUNICULINA QUADRANGULARIS",NA,8359
"GADIFORMES","REPLACES GADOIDEI S.O.",18
"GADUS MACROCEPHALUS","GREENLAND COD; OGAC",118
"GADUS MORHUA","COD ATLANTIC",10
"GAIDROPSARUS ARGENTATUS","SILVER ROCKLING",116
"GAIDROPSARUS ENSIS","THREEBEARD ROCKLING",115
"GAIDROPSARUS","ROCKLING UNIDENTIFIED; INCL ONOGADUS SPP.",119
"GALATHEIDAE",NA,2554
"GAMMARIDAE",NA,2811
"GASTEROSTEUS ACULEATUS","THREESPINE STICKLEBACK",361
"GASTROPODA","SNAILS AND SLUGS",4200
"GEODIA",NA,8364
"GERSEMIA FRUTICOSA",NA,8390
"GERSEMIA RUBIFORMIS","SEA CAULIFLOWER, STRAWBERRIES",8324
"GLYCERA CAPITATA","BLOOD WORM",3551
"GLYCERA","BLOOD WORMS",3550
"GLYPTOCEPHALUS CYNOGLOSSUS","WITCH FLOUNDER",41
"GNATHOPHAUSIA",NA,2771
"GONATIDAE",NA,4568
"GONOSTOMATIDAE","ANGLEMOUTH",745
"GORGONOCEPHALUS",NA,6310
"GRAMMATOSTOMIAS DENTATUS","TORPEDO DRAGONFISH",717
"GRAMMICOLEPIS BRACHIUSCULUS","THORNY TINSELFISH",777
"GYMNELUS VIRIDIS","FISH DOCTOR; GYMNELIS",616
"GYMNOCANTHUS TRICUSPIS","ARCTIC STAGHORN SCULPIN",302
"HALICLONA (HALICLONA) OCULATA","EYED SPONGE",8621
"HALICLONA",NA,8618
"HALIEUTICHTHYS ACULEATUS","BATFISH,SPINY",844
"HALOCYNTHIA PYRIFORMIS","SEA PEACH",1827
"HARMOTHOE EXTENUATA",NA,3505
"HARMOTHOE",NA,3503
"HELICOLENUS DACTYLOPTERUS","ROSEFISH BLACK BELLY",123
"HEMITRIPTERUS AMERICANUS","SEA RAVEN",320
"HENRICIA SANGUINOLENTA","BLOOD STAR",6119
"HENRICIA","BLOOD STAR  GENUS; INCL HENRICA SP",6118
"HIATELLA ARCTICA","SOFT SHELL OR LONG NECK CLAM",4319
"HIPPASTERIA PHRYGIANA",NA,6117
"HIPPOCAMPUS ERECTUS","LINED SEAHORSE",779
"HIPPOGLOSSINA OBLONGA","FOURSPOT FLOUNDER",142
"HIPPOGLOSSOIDES PLATESSOIDES","AMERICAN PLAICE",40
"HIPPOGLOSSUS HIPPOGLOSSUS","HALIBUT ATLANTIC",30
"HOLOTHUROIDEA",NA,6600
"HOMARUS AMERICANUS","AMERICAN LOBSTER",2550
"HOPLOSTETHUS ATLANTICUS","ORANGE ROUGHY",1006
"HORMATHIA",NA,8316
"HYALINOECIA TUBICOLA","CF",3099
"HYAS ARANEUS","TOAD CRAB",2527
"HYAS COARCTATUS",NA,2521
"HYAS","TOAD CRAB,UNIDENT.",2520
"HYDROZOA",NA,8400
"HYPERIA GALBA","BIG-EYED AMPHIPOD",2903
"HYPERIA",NA,2810
"HYPERIIDAE",NA,2906
"HYPERIIDEA",NA,2905
"HYPEROGLYPHE PERCIFORMIS","AMERICAN BARRELFISH",743
"ICELUS BICORNIS","TWOHORN SCULPIN",313
"ICELUS SPATULA","SPATULATE SCULPIN",314
"ILLEX ILLECEBROSUS","SHORT-FIN SQUID",4511
"ILYANASSA TRIVITTATA","WAS NASSA BIVITTATA; NASSA BIVITTATA",4233
"INCIRRATA","OCTOPUS; INCIRRINA",4520
"IRIDONIDA IRIS","MUNIDA",2555
"ISOPODA","RED ISOPOD",2980
"KERATOISIS GRAYI","GOLD-BANDED/BAMBOO CORAL; ORNATA",8325
"KOPHOBELEMNON STELLIFERUM",NA,8368
"LAETMONICE FILICORNIS",NA,3215
"LAMNA NASUS","PORBEAGLE,MACKEREL SHARK",230
"LAMPANYCTUS MACDONALDI",NA,146
"LAMPRIFORMES",NA,891
"LEBBEUS GROENLANDICUS",NA,2319
"LEBBEUS MICROCEROS","INCL LEBBEUS ZEBRA",1282
"LEBBEUS POLARIS",NA,2312
"LEBBEUS",NA,2320
"LEPIDION SCHMIDTI",NA,1274
"LEPIDONOTUS SQUAMATUS",NA,3501
"LEPOPHIDIUM PROFUNDORUM","FAWN CUSK EEL",650
"LEPTAGONUS DECAGONUS","ATLANTIC SEA POACHER",350
"LEPTASTERIAS (HEXASTERIAS) POLARIS",NA,6113
"LEPTASTERIAS TENERA","SLENDER ARMED SEA STAR",6134
"LEPTASTERIAS",NA,6114
"LEPTOCLINUS MACULATUS","DAUBED SHANNY; LUMPENUS",623
"LEPTYCHASTER ARCTICUS",NA,8348
"LEUCORAJA ERINACEUS","LITTLE SKATE; ERINACEA",203
"LEUCORAJA GARMANI","SKATE,ROSETTE; RAJA",967
"LEUCORAJA OCELLATA","WINTER SKATE",204
"LEUCORAJA","SKATE;LITTLE OR WINTER; UNSPECIFIED",1191
"LIPARIS ATLANTICUS","ATLANTIC SEASNAIL",503
"LIPARIS COHENI","GULF SEA SNAIL",513
"LIPARIS FABRICII","SEASNAIL,GELATINOUS",505
"LIPARIS GIBBUS","SEASNAIL,DUSKY",512
"LIPARIS INQUILINUS","INQUILINE SEASNAIL",508
"LIPARIS LIPARIS","STRIPED SEASNAIL",504
"LIPARIS TUNICATUS","GREENLAND SEASNAIL",506
"LIPARIS","SEASNAIL UNIDENTIFIED",500
"LITHODES MAJA","NORTHERN STONE CRAB",2523
"LITHODIDAE","SPINY CRAB; LITHODES/NEOLITHODES",2525
"LITTORINIDAE","PERIWINKLES",4250
"LOPHASTER FURCIFER",NA,8349
"LOPHIUS AMERICANUS","MONKFISH,GOOSEFISH,ANGLER",400
"LOPHOLATILUS CHAMAELEONTICEPS","TILE FISH",25
"LUMPENUS FABRICII","SLENDER EELBLENNY",631
"LUMPENUS LAMPRETAEFORMIS","SNAKE BLENNY; LUMPRETAEFORMIS",622
"LYCENCHELYS PAXILLUS","COMMON WOLF EEL",617
"LYCENCHELYS VERRILLII","WOLF EELPOUT; VERRILLI",603
"LYCODES ESMARKII","VACHON'S EELPOUT; ESMARKI",643
"LYCODES EUDIPLEUROSTICTUS","EELPOUT",845
"LYCODES LAVALAEI","LAVAL'S EELPOUT",620
"LYCODES PALLIDUS","PALE EELPOUT",627
"LYCODES POLARIS","POLAR EELPOUT",628
"LYCODES RETICULATUS","ARCTIC EELPOUT",641
"LYCODES TERRAENOVAE","EELPOUT,NEWFOUNDLAND; INCL LYCODES ATLANTICUS; TERRAENOVA",619
"LYCODES VAHLII","SHORTTAILED EELPOUT VAHL",647
"LYCODES","EELPOUTS",642
"MACRORAMPHOSUS SCOLOPAX","LONGSPINE SNIPEFISH; MACRORHAMPHOSUS",556
"MACROURIDAE","GRENADIERS",416
"MACROURUS BERGLAX","ROUGHHEAD GRENADIER",411
"MACTROMERIS POLYNYMA","STIMPSON'S SURF CLAM, ARCTIC SURF CLAM",4355
"MAGNISUDIS ATLANTICA","SHORT BARRACUDINA; INCL PARALEPIS ATLANTICA KROYER; PARALEPIS",711
"MAJIDAE","SPIDER CRAB",2519
"MALACOCEPHALUS OCCIDENTALIS","AMERICAN STRAPTAIL GRENADIER",409
"MALACORAJA SENTA","SMOOTH SKATE",202
"MALDANIDAE","FILAMENT TUBE WORM",3143
"MALLOTUS VILLOSUS","CAPELIN",64
"MARGARITES COSTALIS",NA,4224
"MARGARITES GROENLANDICUS","GROENLANDICA",4225
"MAUROLICUS MUELLERI","MUELLER'S PEARLSIDES",158
"MEDIASTER BAIRDI",NA,6128
"MEGANYCTIPHANES NORVEGICA","NORTHERN KRILL",2611
"MELAMPHAIDAE","MELAMPHAEIDAE",558
"MELANOGRAMMUS AEGLEFINUS","HADDOCK",11
"MELANOSTIGMA ATLANTICUM","ATLANTIC SOFT POUT",646
"MERCENARIA MERCENARIA","HARD CLAM; INCL VENUS MERCENARIA (OBSOLETE)",4323
"MERLUCCIUS ALBIDUS","OFF-SHORE HAKE",19
"MERLUCCIUS BILINEARIS","SILVER HAKE",14
"METRIDIUM SENILE",NA,8311
"MICROGADUS TOMCOD","TOMCOD ATLANTIC",17
"MICROMESISTIUS POUTASSOU","BLUE WHITING",117
"MODIOLUS MODIOLUS","HORSE MUSSELS",4332
"MOLA MOLA","OCEAN SUNFISH",730
"MOLGULA MANHATTENSIS","SEA GRAPES",1826
"MOLGULIDAE",NA,1815
"MOLLUSCA",NA,4000
"MOLPADIA",NA,6718
"MONOLENE SESSILICAUDA","DEEPWATER FLOUNDER",385
"MONSTRILLA","COPEPOD",2908
"MUNIDOPSIS CURVIROSTRA",NA,2566
"MUSCULUS NIGER",NA,4334
"MYA ARENARIA","SOFT SHELL CLAM",4318
"MYCALE (MYCALE) LINGUA",NA,8616
"MYCTEROPERCA","SEA BASSES",664
"MYCTOPHIDAE","LANTERNFISH",150
"MYCTOPHIFORMES",NA,811
"MYCTOPHUM PUNCTATUM","SPOTTED LANTERNFISH",180
"MYCTOPHUM",NA,370
"MYOXOCEPHALUS AENAEUS","GRUBBY OR LITTLE SCULPIN",303
"MYOXOCEPHALUS OCTODECEMSPINOSUS","LONGHORN SCULPIN",300
"MYOXOCEPHALUS SCORPIOIDES","ARCTIC SCULPIN",316
"MYOXOCEPHALUS SCORPIUS","SHORTHORN SCULPIN",301
"MYSIDA","MYSID SHRIMP; MYSIDACEA",2700
"MYTILIDAE","MUSSELS",4330
"MYTILUS EDULIS","COMMON MUSSELS",4331
"MYXINE LIMOSA","NORTHERN HAGFISH; GLUTINOSA",241
"MYZOPSETTA FERRUGINEA","YELLOWTAIL FLOUNDER; LIMANDA",42
NA,"SEA CORALS",8530
NA,"SEAWEED, ALGAE ,KELP; THALLOPHYTA",9300
NA,"SCALLOP SHELLS",4349
NA,"EGGS UNID.",1100
NA,"BUCCINIDAE/WHELK EGGS",1510
NA,"STONES AND ROCKS",9200
NA,"RAJA/SKATE EGGS",1224
NA,"ORGANIC DEBRIS",9630
NA,"FIFTH UNIDENTIFIED PER SET",9995
NA,"TURBELLARIA",7500
NA,"MOLLUSCA SHELLS EMPTY",4348
NA,"EIGHTH UNIDENTIFIED PER SET",9998
NA,"THECOSOMATA",2606
NA,"FIRST UNIDENTIFIED PER SET",9991
NA,"GASTEROPODA/SNAIL/SLUG EGGS",1511
NA,"THIRD UNIDENTIFIED PER SET",9993
NA,"SIXTH UNIDENTIFIED PER SET",9996
NA,"SEVENTH UNIDENTIFIED PER SET",9997
NA,"FOREIGN ARTICLES,GARBAGE",9400
NA,"NINTH UNIDENTIFIED PER SET",9999
NA,"SECOND UNIDENTIFIED PER SET",9992
NA,"FOURTH UNIDENTIFIED PER SET",9994
NA,"MIXED",9990
NA,"GAMMARIDEA; WHITE,G. AMPHI",2819
NA,"SOFT CORAL UNIDENTIFIED",8327
NA,"CEPHALOPODA/SQUID EGGS",1530
"NATICIDAE","MOON SNAIL UNSP",4220
"NAUCRATES DUCTOR","PILOTFISH",88
"NEALOTUS TRIPES",NA,28
"NEMATODA","INCL PARASITES,ROUND WORMS	PARASITES,ROUND WORMS",7100
"NEMERTEA","RIBBON WORM; INCL RHYNCHOCOELA",8343
"NEMICHTHYS SCOLOPACEUS","SNIPE EEL",604
"NEOLITHODES GRIMALDII","PORCUPINE CRAB",2528
"NEPHTHEIDAE",NA,8386
"NEPHTYIDAE",NA,3115
"NEPHTYS",NA,3104
"NEPTUNEA DECEMCOSTATA","NEW ENGLAND NEPTUNE",4227
"NEREIDIDAE","NEREIDAE",3150
"NEREIS",NA,3130
"NEZUMIA AEQUALIS","SMOOTH GRENADIER",1270
"NEZUMIA BAIRDII","MARLIN-SPIKE GRENADIER",410
"NEZUMIA",NA,1013
"NOMEIDAE","DRIFTFISHES",821
"NOTOSCOPELUS KROYERI","LANTERNFISH KROYER'S; ELONGATUS",182
"NUCELLA LAPILLUS",NA,4231
"NUCULA",NA,4308
"NUCULIDAE","NUT SHELLS",4350
"NUDIBRANCHIA","SEA SLUGS",4400
"NYMPHON",NA,2893
"OBELIA","HYDROMEDUSAE",8421
"OCTOPODA","OCTOPUS",4521
"OGCOCEPHALIDAE","BATFISHES",694
"OITHONA SETIGERA SETIGERA","SPINIROSTRIS",2930
"ONCOPAGURUS",NA,2571
"OPHELIA",NA,3159
"OPHIACANTHA ABYSSICOLA",NA,6201
"OPHIACANTHA BIDENTATA",NA,6202
"OPHIDIIDAE","ARGENTINES; REPLACES ARGENTIOIDEI S.O.; ARGENTINIDAE",288
"OPHIOPHOLIS ACULEATA","DAISY",6211
"OPHIURA SARSII","SARSI",6213
"OPHIURA",NA,6212
"OPHIUROIDEA","BRITTLE STAR",6200
"OSMERIDAE","SMELTS,CAPELIN",337
"OSMERUS MORDAX","RAINBOW SMELT",63
"PACHYCERIANTHUS BOREALIS",NA,8320
"PAGURIDAE","HERMIT CRABS",2559
"PAGUROIDEA",NA,2560
"PAGURUS ACADIANUS",NA,2562
"PAGURUS ARCUATUS",NA,2568
"PAGURUS POLITUS",NA,2558
"PAGURUS",NA,2561
"PALMARIA PALMATA","DULSE",9334
"PANDALIDAE",NA,2200
"PANDALUS BOREALIS",NA,2211
"PANDALUS MONTAGUI",NA,2212
"PANDALUS",NA,2210
"PARAGORGIA ARBOREA","BUBBLE GUM CORAL",8323
"PARALEPIDIDAE","BARRACUDINA,UNIDENTIFIED",713
"PARALEPIS","BARRACUDINA",565
"PARALICHTHYS DENTATUS","SUMMER FLOUNDER",141
"PARALIPARIS CALIDUS","SEASNAIL",868
"PARALIPARIS COPEI","BLACKSNOUT SEASNAIL",511
"PARAMURICEA",NA,8333
"PARASUDIS TRUCULENTA","LONGNOSE GREENEYE",149
"PARVICARDIUM PINNULATUM","NORTHERN DWARF COCKLE; CERASTODERMA",4345
"PASIPHAEA MULTIDENTATA",NA,2221
"PASIPHAEA TARDA",NA,2220
"PASIPHAEIDAE",NA,2219
"PECTINARIA",NA,3144
"PECTINIDAE","SCALLOPS",4320
"PELAGIA NOCTILUCA","JELLYFISH",8520
"PENNATULA ACULEATA",NA,8367
"PENNATULOIDEA","SEA PEN; PENNATULACEA",8318
"PENTAMERA CALCIGERA","PHYLLOPHORIDAE",6601
"PEPRILUS TRIACANTHUS","BUTTERFISH",701
"PERIPHYLLA PERIPHYLLA",NA,8516
"PERISTEDION MINIATUM","ARMORED SEA ROBIN",331
"PETRASMA BOREALIS","SOLEMYA",4346
"PETROMYZON MARINUS","SEA LAMPREY",240
"PHAEOPHYCEAE","BROWN SEAWEEDS",9303
"PHASCOLOPSIS GOULDII","GOULD'S SIPUNCULID; PHASCOLOSOMA",3313
"PHOLIS FASCIATA","BANDED GUNNEL",633
"PHOLIS GUNNELLUS","ROCK GUNNEL EEL",621
"PHRONIMA",NA,2946
"PHYCIS CHESTERI","LONGFIN HAKE; UROPHYCIS",112
"PHYSICULUS FULVUS","LITTLE MORID",757
"PLACOPECTEN MAGELLANICUS","SEA SCALLOP",4321
"PLESIONIKA MARTIA",NA,2217
"PLESIONIKA",NA,2216
"PLEURONECTES PUTNAMI","SMOOTH FLOUNDER; LIOPSETTA",140
"PLEURONECTIDAE","FLOUNDER UNIDENTIFIED",49
"PLUTONASTER AGASSIZI",NA,6139
"POLLACHIUS VIRENS","POLLOCK",16
"POLYCHAETA","BRISTLE WORMS",3100
"POLYIPNUS CLARUS","HATCHETFISH,SLOPE",708
"POLYIPNUS",NA,376
"POLYMASTIA ANDRICA",NA,8609
"POLYMASTIA HEMISPHAERICA",NA,8608
"POLYMASTIA MAMILLARIS","MAMMILARIS",8611
"POLYMASTIA",NA,8610
"POLYMASTIIDAE","POLYMASTIA",8605
"POLYMETME CORYTHAEOLA",NA,942
"POLYMIXIA LOWEI","BEARDFISH",771
"POLYMIXIA NOBILIS","STOUT BEARD FISH",744
"POLYNOIDAE",NA,3500
"POLYPLACOPHORA","CHITONS",4700
"PONTASTER",NA,6133
"PONTOPHILUS NORVEGICUS",NA,2415
"PORANIA (PORANIA) PULVILLUS","PULVILIS",6102
"PORANIOMORPHA (PORANIOMORPHA) HISPIDA",NA,6129
"PORIFERA","SPONGES",8600
"PORTUNIDAE",NA,2515
"POTAMILLA NEGLECTA","FAN WORM",3147
"PRIMNOA RESEDAEFORMIS","SEA CORN",8322
"PRIONOTUS CAROLINUS","NORTHERN,COMMON SEA ROBIN",330
"PSEUDARCHASTER PARELII",NA,8346
"PSEUDARCHASTER",NA,6116
"PSEUDOPLEURONECTES AMERICANUS","WINTER FLOUNDER",43
"PSILASTER ANDROMEDA",NA,8347
"PSOLUS FABRICII","SCARLETT PSOLUS",6713
"PSOLUS PHANTAPUS",NA,6715
"PSOLUS",NA,6710
"PTERASTER MILITARIS",NA,6125
"PTERASTER PULVILLUS",NA,6126
"PTEROTRACHEOIDEA","SEA SNAILS,SEA BUTTERFLIES, PTEROPODA; HETEROPODA",3600
"PTILELLA GRANDIS","PENNATULA  BOREALIS",8360
"PUFFINUS GRAVIS","GREATER SHEARWATER",9488
"PYCNOGONIDA","SEA SPIDER",5100
"PYCNOGONIDAE",NA,5101
"PYCNOGONUM LITORALE","ANEMONE SEA SPIDER; LITTORALE",5102
"PYROTEUTHIS",NA,4560
"RADICIPES GRACILIS",NA,8330
"RAJELLA FYLLAE","ROUND SKATE; TERES; ROUND SKATE; RAJELLA FYLLAE",207
"RAJIDAE","SKATES",211
"RAJIFORMES","SKATES AND RAYS",219
"REINHARDTIUS HIPPOGLOSSOIDES","TURBOT,GREENLAND HALIBUT",31
"RHACHOTROPIS ACULEATA",NA,2848
"RHIZAXINELLA",NA,8356
"RHODOPHYTA","RED SEAWEEDS; RHODOPHYCEAE",9304
"ROBUSTOSERGIA ROBUSTA","SERGIA",1283
"ROSSIA","BOBTAILS  ROSSIA",7723
"SABELLIDAE",NA,3138
"SABINEA SARSII","SARSI",2419
"SABINEA SEPTEMCARINATA",NA,2421
"SABINEA",NA,2420
"SACCHARINA LONGICRURIS","LASAGNA KELP; LAMINARIA",9321
"SACCORHIZA DERMATODEA","PIGSKIN KELP",9324
"SALMO SALAR","SALMON ATLANTIC",65
"SALPIDAE",NA,1840
"SCAPHANDER PUNCTOSTRIATUS","GIANT CANOE BUBBLE",4431
"SCLERASTERIAS TANNERI",NA,6106
"SCLEROCRANGON BOREAS",NA,2414
"SCOMBER SCOMBRUS","MACKEREL ATLANTIC",70
"SCOMBERESOX SAURUS","ATLANTIC SAURY,NEEDLEFISH",720
"SCOPHTHALMUS AQUOSUS","BRILL/WINDOWPANE",143
"SCORPAENIDAE","SCORPIONFISHES",280
"SCYPHOZOA","JELLYFISHES",8500
"SEBASTES","REDFISH UNSEPARATED",23
"SELACHII","INCL SHARK & CHONDRICHTHYES; SHARK",592
"SELAR CRUMENOPHTHALMUS","BIGEYE SCAD",89
"SELENE SETAPINNIS","ATLANTIC MOONFISH; INCL SELENE SETAPINNIS; VOMER",94
"SEMIROSSIA TENERA",NA,4522
"SEPIOLIDAE","BOBTAIL SQUID; SEPIOLODAE",4536
"SERGIA",NA,8354
"SERIOLA DUMERILI","GREATER AMBERJACK",92
"SERIOLA ZONATA","BANDED RUDDERFISH",74
"SERRIPES GROENLANDICUS","GREENLAND COCKLE",4343
"SERRIVOMER BEANII","STOUT SAWPALATE; BEANI",613
"SERTULARELLA POLYZONIAS","HYDROZOA; SERTULARIA",8341
"SERTULARIA","GARLAND HYDROIDS",8405
"SETARCHES GUENTHERI",NA,728
"SIGMOPS BATHYPHILUS","GONOSTOMA BATHYPHILUM",883
"SIGMOPS ELONGATUS","LONGTOOTH ANGLEMOUTH; GONOSTOMA ELONGATUM",155
"SILIQUA","RAZOR CLAM",4315
"SIPHONOPHORAE","SIPHONOPHORA",8700
"SIPUNCULA","GEPHYREA ",3300
"SOLASTER ENDECA","PURPLE SUNSTAR",6121
"SOLASTER SYRTENSIS",NA,6149
"SOLASTER",NA,6122
"SPHOEROIDES MACULATUS","NORTHERN PUFFER",746
"SPHOEROIDES","PUFFER; INCL HOLOCANTHUS SP.",827
"SPINOLAMBRUS POURTALESII",NA,2547
"SPIRONTOCARIS LILJEBORGII",NA,2313
"SPIRONTOCARIS PHIPPSII",NA,2315
"SPIRONTOCARIS SPINUS",NA,2316
"SPIRONTOCARIS",NA,2310
"SPISULA SOLIDISSIMA","BAR,SURF CLAM",4317
"SQUALUS ACANTHIAS","SPINY DOGFISH",220
"STAUROZOA",NA,8550
"STEGOCEPHALUS INFLATUS",NA,2799
"STENOTOMUS CHRYSOPS","SCUP",102
"STEPHANASTERIAS ALBULA",NA,6107
"STEREODERMA UNISEMITA","INCL THYONE UNISEMITA; THYONE",6712
"STERNOPTYCHIDAE","UNIDENTIFIED HATCHETFISH",741
"STICHAEIDAE","PRICKLEBACKS",639
"STICHAEUS PUNCTATUS","ARCTIC SHANNY",624
"STOMIAS BOA","BOA DRAGONFISH",159
"STOMIAS LONGIBARBATUS","MACROSTOMIAS",395
"STOMIIDAE","STOMIATOID UNIDENTIFIED",151
"STOMPHIA COCCINEA",NA,8313
"STRONGYLOCENTROTUS DROEBACHIENSIS","SEA URCHIN  GREEN",6411
"STRONGYLOCENTROTUS","SEA URCHINS",6400
"SUBERITES FICUS","FIG SPONGE",8613
"SYMPHURUS DIOMEDEANUS","TONGUE FISH",816
"SYMPHURUS","TONGUEFISH",805
"SYNAGROPS BELLUS","BLACKMOUTH BASS; BELLA",576
"SYNAPHOBRANCHUS KAUPII","GRAY'S CUTTHROAT EEL; KAUPI",602
"SYSCENUS INFELIX",NA,8352
"TANAIDIDAE","TANAIDAE",2940
"TAUTOGOLABRUS ADSPERSUS","CUNNER",122
"TENTORIUM SEMISUBERITES",NA,8612
"TEREBRATULINA SEPTENTRIONALIS","NORTHERN LAMP SHELL",7719
"TEREBRATULINA",NA,1932
"TETRONARCE NOBILIANA","ATLANTIC TORPEDO; TORPEDO",216
"THALASSINIDAE","MUD SHRIMP",2565
"THEMISTO","PARATHEMISTO",2809
"THYONELLA PERVICAX","SEA CUCUMBER; AFF.",8345
"THYSANOESSA RASCHII",NA,2621
"TRACHYRINCUS MURRAYI","ROUGHNOSE GRENADIER",412
"TREMASTER MIRABILIS",NA,1279
"TRIGLOPS MURRAYI","MAILED SCULPIN",304
"TRIGLOPS NYBELINI","NYBELIN SCULPIN",305
"TRIGLOPS PINGELII","RIBBED SCULPIN; PINGELI",317
"TRIGLOPS","SCULPIN",309
"TROCHIDAE","TOP SHELLS",4255
"TUNICATA",NA,1810
"TYPHLONIDA VALIDA","MUNIDA",2556
"ULVA","SEA LETTUCE; INCL ENTEROMORPHA SP.",9302
"ULVARIA SUBBIFURCATA","RADIATED SHANNY",625
"URASTERIAS LINCKI",NA,1280
"UROPHYCIS CHUSS","SQUIRREL OR RED HAKE",13
"UROPHYCIS REGIA","SPOTTED HAKE",111
"UROPHYCIS TENUIS","WHITE HAKE",12
"UROPHYCIS","HAKE",193
"URTICINA FELINA","TEALIA",8315
"VAZELLA POURTALESII","RUSSIAN HATS; POURTALESI",8601
"VELUTINA VELUTINA","VELVET SHELL; LAEVIGATA",4252
"VENEFICA PROCERA",NA,1025
"XENOLEPIDICHTHYS DALGLEISHI","SPOTTED TINSELFISH",866
"XIPHIAS GLADIUS","SWORDFISH",72
"YOLDIA SAPOTILLA",NA,4356
"YOLDIA",NA,4354
"ZENOPSIS CONCHIFER","AMERICAN JOHN DORY; OCELLATA",704
"ZOARCES AMERICANUS","OCEAN POUT",640
"ZOSTERA SUBG. ZOSTERA MARINA","EEL GRASS",9305
